{"coco/bbox_mAP": 0.751, "coco/bbox_mAP_50": 0.857, "coco/bbox_mAP_75": 0.832, "coco/bbox_mAP_s": 0.0, "coco/bbox_mAP_m": 0.416, "coco/bbox_mAP_l": 0.884, "data_time": 0.5239335390237662, "time": 0.6297921951000507}