{"lr": 0.0001, "data_time": 0.07462341785430908, "loss": 2.9292125701904297, "time": 0.10392525196075439, "epoch": 1, "memory": 865, "step": 20}
{"lr": 0.0001, "data_time": 0.053643417358398435, "loss": 2.372382140159607, "time": 0.08304188251495362, "epoch": 1, "memory": 865, "step": 40}
{"lr": 0.0001, "data_time": 0.04665064811706543, "loss": 1.9006529808044434, "time": 0.07605209350585937, "epoch": 1, "memory": 865, "step": 60}
{"lr": 0.0001, "data_time": 0.03737871646881104, "loss": 1.5989683151245118, "time": 0.06658070087432862, "epoch": 1, "memory": 865, "step": 80}
{"lr": 0.0001, "data_time": 0.053577733039855954, "loss": 1.297352921962738, "time": 0.08268036842346191, "epoch": 1, "memory": 865, "step": 100}
{"lr": 0.0001, "data_time": 0.08097627162933349, "loss": 1.247700035572052, "time": 0.109979248046875, "epoch": 1, "memory": 865, "step": 120}
{"accuracy/top1": 82.09647369384766, "accuracy/top3": 95.36177825927734, "data_time": 0.356556682025685, "time": 0.3753173140918507, "step": 1}
{"lr": 0.0001, "data_time": 0.0005980491638183594, "loss": 0.9041401088237763, "time": 0.03009929656982422, "epoch": 2, "memory": 865, "step": 157}
{"lr": 0.0001, "data_time": 0.0007011890411376953, "loss": 0.8666264355182648, "time": 0.02980031967163086, "epoch": 2, "memory": 865, "step": 177}
{"lr": 0.0001, "data_time": 0.0004985809326171875, "loss": 0.7642305552959442, "time": 0.029900026321411134, "epoch": 2, "memory": 865, "step": 197}
{"lr": 0.0001, "data_time": 0.0004983186721801758, "loss": 0.8751817047595978, "time": 0.029700636863708496, "epoch": 2, "memory": 865, "step": 217}
{"lr": 0.0001, "data_time": 0.0003983259201049805, "loss": 0.7022015631198884, "time": 0.030099368095397948, "epoch": 2, "memory": 865, "step": 237}
{"lr": 0.0001, "data_time": 0.000697636604309082, "loss": 0.7604348838329316, "time": 0.029996490478515624, "epoch": 2, "memory": 865, "step": 257}
{"accuracy/top1": 87.01298522949219, "accuracy/top3": 96.84600830078125, "data_time": 0.005609703063964844, "time": 0.016305862154279437, "step": 2}
{"lr": 0.0001, "data_time": 0.00039861202239990237, "loss": 0.6896187096834183, "time": 0.029700613021850585, "epoch": 3, "memory": 865, "step": 294}
{"lr": 0.0001, "data_time": 0.0006978750228881836, "loss": 0.6242963224649429, "time": 0.02996039390563965, "epoch": 3, "memory": 865, "step": 314}
{"lr": 0.0001, "data_time": 0.0005978584289550781, "loss": 0.6436691164970398, "time": 0.02966487407684326, "epoch": 3, "memory": 865, "step": 334}
{"lr": 0.0001, "data_time": 0.0004986047744750977, "loss": 0.6155871421098709, "time": 0.029862022399902342, "epoch": 3, "memory": 865, "step": 354}
{"lr": 0.0001, "data_time": 0.00039870738983154296, "loss": 0.6277298152446746, "time": 0.029961228370666504, "epoch": 3, "memory": 865, "step": 374}
{"lr": 0.0001, "data_time": 0.0004985332489013672, "loss": 0.4818171590566635, "time": 0.02950127124786377, "epoch": 3, "memory": 865, "step": 394}
{"accuracy/top1": 90.72356414794922, "accuracy/top3": 97.495361328125, "data_time": 0.005752754211425781, "time": 0.016192517961774552, "step": 3}
{"lr": 0.0001, "data_time": 0.000498652458190918, "loss": 0.45511395037174224, "time": 0.02976062297821045, "epoch": 4, "memory": 865, "step": 431}
{"lr": 0.0001, "data_time": 0.0007975816726684571, "loss": 0.4365711659193039, "time": 0.029961180686950684, "epoch": 4, "memory": 865, "step": 451}
{"lr": 0.0001, "data_time": 0.0005980253219604493, "loss": 0.45433779060840607, "time": 0.029662561416625977, "epoch": 4, "memory": 865, "step": 471}
{"lr": 0.0001, "data_time": 0.0004984378814697265, "loss": 0.4864072173833847, "time": 0.029899978637695314, "epoch": 4, "memory": 865, "step": 491}
{"lr": 0.0001, "data_time": 0.00039873123168945315, "loss": 0.4695118427276611, "time": 0.029763245582580568, "epoch": 4, "memory": 865, "step": 511}
{"lr": 0.0001, "data_time": 0.0005979537963867188, "loss": 0.5704616159200668, "time": 0.02985961437225342, "epoch": 4, "memory": 865, "step": 531}
{"accuracy/top1": 90.44526672363281, "accuracy/top3": 97.77365112304688, "data_time": 0.006210647310529436, "time": 0.016537019184657505, "step": 4}
{"lr": 0.0001, "data_time": 0.000498509407043457, "loss": 0.49759879261255263, "time": 0.030099368095397948, "epoch": 5, "memory": 865, "step": 568}
{"lr": 0.0001, "data_time": 0.0003981590270996094, "loss": 0.3556628614664078, "time": 0.029862689971923827, "epoch": 5, "memory": 865, "step": 588}
{"lr": 0.0001, "data_time": 0.0006978750228881836, "loss": 0.3457956090569496, "time": 0.030198955535888673, "epoch": 5, "memory": 865, "step": 608}
{"lr": 0.0001, "data_time": 0.0006978273391723633, "loss": 0.3470694340765476, "time": 0.029960012435913085, "epoch": 5, "memory": 865, "step": 628}
{"lr": 0.0001, "data_time": 0.0002990245819091797, "loss": 0.39772797375917435, "time": 0.029700660705566408, "epoch": 5, "memory": 865, "step": 648}
{"lr": 0.0001, "data_time": 0.0005981922149658203, "loss": 0.45483604818582535, "time": 0.029999613761901855, "epoch": 5, "memory": 865, "step": 668}
{"accuracy/top1": 90.90908813476562, "accuracy/top3": 98.14471435546875, "data_time": 0.00558145386832101, "time": 0.015850864137922013, "step": 5}
{"lr": 0.0001, "data_time": 0.0005979776382446289, "loss": 0.35369725674390795, "time": 0.03019897937774658, "epoch": 6, "memory": 865, "step": 705}
{"lr": 0.0001, "data_time": 0.0006977319717407227, "loss": 0.27497351467609404, "time": 0.03005819320678711, "epoch": 6, "memory": 865, "step": 725}
{"lr": 0.0001, "data_time": 0.000598001480102539, "loss": 0.2977383777499199, "time": 0.02986254692077637, "epoch": 6, "memory": 865, "step": 745}
{"lr": 0.0001, "data_time": 0.0003986835479736328, "loss": 0.32527976334095, "time": 0.029999566078186036, "epoch": 6, "memory": 865, "step": 765}
{"lr": 0.0001, "data_time": 0.0002990007400512695, "loss": 0.3561405047774315, "time": 0.029759788513183595, "epoch": 6, "memory": 865, "step": 785}
{"lr": 0.0001, "data_time": 0.0004984855651855469, "loss": 0.39562209099531176, "time": 0.03019897937774658, "epoch": 6, "memory": 865, "step": 805}
{"accuracy/top1": 90.35250091552734, "accuracy/top3": 97.40259552001953, "data_time": 0.006093924386160714, "time": 0.01622121674673898, "step": 6}
{"lr": 0.0001, "data_time": 0.0007972955703735351, "loss": 0.33248534649610517, "time": 0.03056046962738037, "epoch": 7, "memory": 865, "step": 842}
{"lr": 0.0001, "data_time": 0.0005981683731079102, "loss": 0.303564116358757, "time": 0.030260562896728516, "epoch": 7, "memory": 865, "step": 862}
{"lr": 0.0001, "data_time": 0.00029909610748291016, "loss": 0.3359866842627525, "time": 0.02996242046356201, "epoch": 7, "memory": 865, "step": 882}
{"lr": 0.0001, "data_time": 0.0005979299545288086, "loss": 0.2653276689350605, "time": 0.03009929656982422, "epoch": 7, "memory": 865, "step": 902}
{"lr": 0.0001, "data_time": 0.0006977081298828125, "loss": 0.2966947738081217, "time": 0.03106346130371094, "epoch": 7, "memory": 865, "step": 922}
{"lr": 0.0001, "data_time": 0.0007975578308105468, "loss": 0.34317725896835327, "time": 0.030199074745178224, "epoch": 7, "memory": 865, "step": 942}
{"accuracy/top1": 91.65120697021484, "accuracy/top3": 97.77365112304688, "data_time": 0.005752168382917131, "time": 0.01592559814453125, "step": 7}
{"lr": 0.0001, "data_time": 0.00029909610748291016, "loss": 0.27686338871717453, "time": 0.029961347579956055, "epoch": 8, "memory": 865, "step": 979}
{"lr": 0.0001, "data_time": 0.00029904842376708983, "loss": 0.2236815348267555, "time": 0.030099320411682128, "epoch": 8, "memory": 865, "step": 999}
{"lr": 0.0001, "data_time": 0.0004984378814697265, "loss": 0.2650212675333023, "time": 0.029899954795837402, "epoch": 8, "memory": 865, "step": 1019}
{"lr": 0.0001, "data_time": 0.0003987550735473633, "loss": 0.3481112688779831, "time": 0.030065464973449706, "epoch": 8, "memory": 865, "step": 1039}
{"lr": 0.0001, "data_time": 0.0005980730056762695, "loss": 0.2040452778339386,